entry_time,exit_time,side,entry_px,exit_px,size_mult,notional,gross_return,pnl,win,hold_hours
2022-04-22 00:00:00+00:00,2022-04-25 00:00:00+00:00,SHORT,40449.7,39433.4,1.0660909711661573,1066.0909711661573,0.025125031829654976,25.506260418458098,True,72
2022-04-25 00:00:00+00:00,2022-04-28 00:00:00+00:00,SHORT,39433.4,39209.0,1.5855489420660356,1585.5489420660356,0.005690607454594376,7.120077898865966,True,72
2022-04-29 23:00:00+00:00,2022-05-02 23:00:00+00:00,SHORT,38582.0,38591.9,0.9438715889174408,943.8715889174408,-0.00025659634026231615,-1.3748399020947217,False,72
2022-05-03 19:00:00+00:00,2022-05-06 19:00:00+00:00,SHORT,37749.7,35923.9,1.0528048415888518,1052.8048415888518,0.04836594727905108,49.6565376535095,True,72
2022-05-06 19:00:00+00:00,2022-05-09 19:00:00+00:00,SHORT,35923.9,30771.3,0.7427767210628028,742.7767210628028,0.14343097492198797,105.64585718611997,True,72
2022-05-11 08:00:00+00:00,2022-05-14 08:00:00+00:00,SHORT,30598.9,29414.0,0.4325164947848178,432.5164947848178,0.03872361424757109,16.229582106017098,True,72
2022-05-30 11:00:00+00:00,2022-06-02 11:00:00+00:00,LONG,30594.7,30016.8,0.9970441349028809,997.044134902881,-0.018888892520599998,-20.029512464358582,False,72
2022-06-06 11:00:00+00:00,2022-06-09 11:00:00+00:00,LONG,31472.0,30424.0,1.246419557203211,1246.419557203211,-0.03329944077275038,-43.00077769172993,False,72
2022-06-18 02:00:00+00:00,2022-06-21 02:00:00+00:00,SHORT,20381.1,20661.1,0.4255301745618516,425.5301745618516,-0.0137382182512229,-6.356662620085918,False,72
2022-06-21 02:00:00+00:00,2022-06-24 02:00:00+00:00,LONG,20661.1,21038.4,0.31463267087063224,314.63267087063224,0.018261370401382537,5.368064538100138,True,72
2022-06-24 02:00:00+00:00,2022-06-27 02:00:00+00:00,LONG,21038.4,21080.0,0.5474201356712938,547.4201356712938,0.0019773366795954317,0.4255297506064041,True,72
2022-06-27 08:00:00+00:00,2022-06-30 08:00:00+00:00,LONG,21354.9,19423.1,0.9488056609830866,948.8056609830866,-0.09046167390154025,-86.96911509296703,False,72
2022-07-04 13:00:00+00:00,2022-07-07 13:00:00+00:00,LONG,19699.5,20422.2,1.0804354681825736,1080.4354681825737,0.036686210309906375,38.340560250208966,True,72
2022-07-07 13:00:00+00:00,2022-07-10 13:00:00+00:00,LONG,20422.2,21301.6,0.7868639832818958,786.8639832818958,0.04306098265612901,32.93889955689603,True,72
2022-07-14 20:00:00+00:00,2022-07-17 20:00:00+00:00,LONG,20603.0,21020.9,0.5948805030670151,594.8805030670151,0.02028345386594199,11.352374636027745,True,72
2022-07-17 20:00:00+00:00,2022-07-20 20:00:00+00:00,LONG,21020.9,23650.6,0.8227111204665688,822.7111204665688,0.1250993059288612,101.93333680576359,True,72
2022-07-20 20:00:00+00:00,2022-07-23 20:00:00+00:00,LONG,23650.6,22266.5,0.515607962911728,515.6079629117279,-0.058522828173492414,-30.793565773861573,False,72
2022-07-27 21:00:00+00:00,2022-07-30 21:00:00+00:00,LONG,22769.4,23951.8,0.6856515763046422,685.6515763046423,0.05192934376839076,34.7826545196972,True,72
2022-07-30 21:00:00+00:00,2022-08-02 21:00:00+00:00,LONG,23951.8,23016.9,0.6809856395950814,680.9856395950814,-0.03903255705207953,-27.39779359665598,False,72
2022-08-08 15:00:00+00:00,2022-08-11 15:00:00+00:00,LONG,24139.3,24550.8,1.3683737896206656,1368.3737896206655,0.01704689034064777,21.684469389135305,True,72
2022-08-11 15:00:00+00:00,2022-08-14 15:00:00+00:00,LONG,24550.8,24501.9,0.7580984617410428,758.0984617410428,-0.0019917884549586207,-2.41968991790695,False,72
2022-08-17 10:00:00+00:00,2022-08-20 10:00:00+00:00,SHORT,23817.9,21195.4,0.8359878638670094,835.9878638670094,0.11010626461610806,91.04431551815546,True,72
2022-08-20 10:00:00+00:00,2022-08-23 10:00:00+00:00,SHORT,21195.4,21430.3,0.82579530516799,825.79530516799,-0.01108259339290596,-10.142907959149115,False,72
2022-08-26 16:00:00+00:00,2022-08-29 16:00:00+00:00,SHORT,20769.6,20249.1,0.8725892479656386,872.5892479656386,0.02506066558816733,20.820560241538523,True,72
2022-08-30 16:00:00+00:00,2022-09-02 16:00:00+00:00,SHORT,19743.7,20344.8,1.0868572693296268,1086.857269329627,-0.03044515465692843,-34.39376637794296,False,72
2022-09-02 19:00:00+00:00,2022-09-05 19:00:00+00:00,SHORT,19926.4,19731.2,0.965991599841967,965.9915998419671,0.009796049462020284,8.303711572137654,True,72
2022-09-05 19:00:00+00:00,2022-09-08 19:00:00+00:00,SHORT,19731.2,19194.2,1.7845352684981741,1784.5352684981742,0.027215780084333452,46.42607709798545,True,72
2022-09-09 19:00:00+00:00,2022-09-12 19:00:00+00:00,LONG,21162.0,22390.2,0.7952099097830595,795.2099097830595,0.05803799262829612,45.19813499019756,True,72
2022-09-12 19:00:00+00:00,2022-09-15 19:00:00+00:00,LONG,22390.2,19751.7,0.9099118076829784,909.9118076829784,-0.11784173433019807,-108.31747967410739,False,72
2022-09-15 19:00:00+00:00,2022-09-18 19:00:00+00:00,SHORT,19751.7,19630.0,0.6084657365393461,608.4657365393462,0.0061614949599275715,3.0188996851285834,True,72
2022-09-18 19:00:00+00:00,2022-09-21 19:00:00+00:00,SHORT,19630.0,19627.5,1.3186430755639607,1318.6430755639606,0.00012735608762093342,-1.414434467604492,False,72
2022-09-21 22:00:00+00:00,2022-09-24 22:00:00+00:00,SHORT,18455.4,18941.5,0.5081998015451776,508.19980154517765,-0.0263391744421686,-13.995402986228111,False,72
2022-09-26 00:00:00+00:00,2022-09-29 00:00:00+00:00,SHORT,18799.7,19407.4,1.1102591300243108,1110.2591300243107,-0.03232498390931782,-37.221419469238214,False,72
2022-10-03 00:00:00+00:00,2022-10-06 00:00:00+00:00,SHORT,19049.3,20149.9,1.1277759147802051,1127.775914780205,-0.05777640123259142,-66.51216485053021,False,72
2022-10-06 05:00:00+00:00,2022-10-09 05:00:00+00:00,LONG,20346.6,19379.4,1.1852769937087255,1185.2769937087255,-0.047536197693963445,-57.76589388749511,False,72
2022-10-10 01:00:00+00:00,2022-10-13 01:00:00+00:00,SHORT,19484.2,19141.5,1.5739835928835055,1573.9835928835055,0.017588610258568504,25.79540365714913,True,72
2022-10-13 03:00:00+00:00,2022-10-16 03:00:00+00:00,SHORT,19079.6,19106.0,1.6558327024531811,1655.8327024531811,-0.0013836768066417537,-4.27813654900722,False,72
2022-10-20 02:00:00+00:00,2022-10-23 02:00:00+00:00,SHORT,19036.3,19170.5,1.599580234077741,1599.580234077741,-0.0070496892778533216,-13.196039906137246,False,72
2022-10-25 20:00:00+00:00,2022-10-28 20:00:00+00:00,LONG,20266.7,20597.3,1.4415026918181342,1441.5026918181343,0.0163124731702744,21.78467075497988,True,72
2022-10-29 09:00:00+00:00,2022-11-01 09:00:00+00:00,LONG,20912.6,20572.9,1.2027048006845487,1202.7048006845487,-0.016243795606476374,-20.979736718069173,False,72
2022-11-04 16:00:00+00:00,2022-11-07 16:00:00+00:00,LONG,20829.2,20756.3,1.0963797884127704,1096.3797884127705,-0.0034998943790448545,-5.152869204859567,False,72
2022-11-08 16:00:00+00:00,2022-11-11 16:00:00+00:00,SHORT,19513.8,16864.7,1.0061184557247767,1006.1184557247766,0.1357552091340487,135.37847922367342,True,72
2022-12-13 12:00:00+00:00,2022-12-16 12:00:00+00:00,LONG,17436.9,17018.7,1.9641977161456414,1964.1977161456414,-0.023983620941795847,-49.46561073815295,False,72
2023-01-10 23:00:00+00:00,2023-01-13 23:00:00+00:00,LONG,17419.8,19842.1,2.47478210640051,2474.78210640051,0.13905440935027946,341.15962554848284,True,72
2023-01-13 23:00:00+00:00,2023-01-16 23:00:00+00:00,LONG,19842.1,21192.6,0.7114649835446553,711.4649835446553,0.06806235227118096,47.57022235837271,True,72
2023-01-16 23:00:00+00:00,2023-01-19 23:00:00+00:00,LONG,21192.6,21062.4,0.6666309044568132,666.6309044568131,-0.006143653916933167,-4.895506652662975,False,72
2023-01-19 23:00:00+00:00,2023-01-22 23:00:00+00:00,LONG,21062.4,22674.1,1.2924238767235743,1292.4238767235743,0.07652024460650253,97.34568253010389,True,72
2023-01-29 21:00:00+00:00,2023-02-01 21:00:00+00:00,LONG,23701.0,23572.7,1.4292904331471172,1429.2904331471173,-0.005413273701531551,-9.45228883338247,False,72
2023-02-02 00:00:00+00:00,2023-02-05 00:00:00+00:00,LONG,23730.1,23322.6,1.1286317092131455,1128.6317092131455,-0.017172283302640978,-20.735541506007824,False,72
2023-02-16 08:00:00+00:00,2023-02-19 08:00:00+00:00,LONG,24630.8,24576.6,0.7807850358611448,780.7850358611448,-0.002200496938792096,-2.6550571243005,False,72
2023-02-19 17:00:00+00:00,2023-02-22 17:00:00+00:00,LONG,24781.1,23627.9,0.8910651741104171,891.065174110417,-0.04653546452740187,-42.53541001035099,False,72
2023-02-24 16:00:00+00:00,2023-02-27 16:00:00+00:00,SHORT,23337.1,23546.5,0.911572100192491,911.572100192491,-0.008972837241988163,-9.27327460959554,False,72
2023-03-02 18:00:00+00:00,2023-03-05 18:00:00+00:00,SHORT,23262.6,22417.3,1.3269080968568616,1326.9080968568617,0.03633729677680053,46.62396359479913,True,72
2023-03-05 22:00:00+00:00,2023-03-08 22:00:00+00:00,SHORT,22473.6,22004.9,0.7198919896177961,719.8919896177961,0.020855581660259026,14.149895788498933,True,72
2023-03-09 00:00:00+00:00,2023-03-12 00:00:00+00:00,SHORT,21695.3,20447.3,1.8027386440734814,1802.7386440734813,0.057523979848169926,101.53741506031193,True,72
2023-03-14 00:00:00+00:00,2023-03-17 00:00:00+00:00,LONG,24119.5,24990.5,0.5419645152080755,541.9645152080756,0.0361118596985841,18.920989116555486,True,72
2023-03-17 06:00:00+00:00,2023-03-20 06:00:00+00:00,LONG,25754.6,27510.1,0.5681807307660436,568.1807307660436,0.06816258066520153,38.04684801633435,True,72
2023-03-20 08:00:00+00:00,2023-03-23 08:00:00+00:00,LONG,28168.5,27616.3,0.7489644020157739,748.9644020157739,-0.019603457763104237,-15.581049303403775,False,72
2023-03-23 12:00:00+00:00,2023-03-26 12:00:00+00:00,LONG,27573.5,27852.0,0.583828924723223,583.828924723223,0.010100277440295846,5.196239407706283,True,72
2023-03-29 09:00:00+00:00,2023-04-01 09:00:00+00:00,LONG,28498.1,28426.4,0.815262091530555,815.2620915305549,-0.0025159572041644207,-3.0294790423051188,False,72
2023-04-01 09:00:00+00:00,2023-04-04 09:00:00+00:00,LONG,28426.4,28087.9,0.9639814281581776,963.9814281581776,-0.011907944727436504,-12.635815278572695,False,72
2023-04-05 02:00:00+00:00,2023-04-08 02:00:00+00:00,LONG,28560.0,27892.0,1.0487567216847316,1048.7567216847315,-0.023389355742296947,-25.78825211663097,False,72
2023-04-10 17:00:00+00:00,2023-04-13 17:00:00+00:00,LONG,29033.1,30312.7,1.5486758103415739,1548.6758103415739,0.04407383296995504,66.3976680171944,True,72
2023-04-13 17:00:00+00:00,2023-04-16 17:00:00+00:00,LONG,30312.7,30335.0,1.3687676828115702,1368.7676828115702,0.0007356652492189752,-0.6355664008754314,False,72
2023-04-22 16:00:00+00:00,2023-04-25 16:00:00+00:00,SHORT,27477.1,27329.5,1.2226972403442002,1222.6972403442003,0.00537174592660794,5.100782231880688,True,72
2023-05-08 14:00:00+00:00,2023-05-11 14:00:00+00:00,SHORT,27844.6,27197.0,1.254456343892955,1254.456343892955,0.023257651393806977,27.67036072234044,True,72
2023-05-11 19:00:00+00:00,2023-05-14 19:00:00+00:00,SHORT,26950.8,26909.0,0.9839381690663448,983.9381690663448,0.0015509743681078048,0.34533707714521067,True,72
2023-05-18 19:00:00+00:00,2023-05-21 19:00:00+00:00,SHORT,26600.4,26860.0,1.2226799964161355,1222.6799964161355,-0.009759251740575348,-13.399657878890192,False,72
2023-05-22 03:00:00+00:00,2023-05-25 03:00:00+00:00,SHORT,26640.6,26114.3,2.469925798004572,2469.9257980045722,0.01975556106093701,45.83085896085741,True,72
2023-05-25 03:00:00+00:00,2023-05-28 03:00:00+00:00,SHORT,26114.3,27089.4,1.513156882820018,1513.156882820018,-0.03733969510957613,-58.316604916840106,False,72
2023-05-31 15:00:00+00:00,2023-06-03 15:00:00+00:00,SHORT,27022.9,27158.2,1.436426492822047,1436.4264928220468,-0.0050068645482164165,-8.915704674416006,False,72
2023-06-04 05:00:00+00:00,2023-06-07 05:00:00+00:00,SHORT,27045.8,26917.2,2.067967766896812,2067.967766896812,0.004754897248371193,7.351412924261798,True,72
2023-06-08 07:00:00+00:00,2023-06-11 07:00:00+00:00,SHORT,26413.3,25776.0,0.8339663601812985,833.9663601812986,0.024127996123165185,19.121177473086995,True,72
2023-06-11 07:00:00+00:00,2023-06-14 07:00:00+00:00,SHORT,25776.0,25879.1,1.0525068312068486,1052.5068312068486,-0.0039998448168838685,-5.472872190985797,False,72
2023-06-14 07:00:00+00:00,2023-06-17 07:00:00+00:00,SHORT,25879.1,26654.6,1.9022385091325087,1902.2385091325086,-0.0299662662148219,-59.28567177970969,False,72
2023-06-21 01:00:00+00:00,2023-06-24 01:00:00+00:00,LONG,28399.7,30481.6,1.3562132628997108,1356.2132628997108,0.0733071123990745,97.79262218502502,True,72
2023-06-24 01:00:00+00:00,2023-06-27 01:00:00+00:00,LONG,30481.6,30341.9,0.8044999404949504,804.4999404949505,-0.004583092751036633,-4.6524977740857505,False,72
2023-07-03 16:00:00+00:00,2023-07-06 16:00:00+00:00,LONG,31068.0,30390.3,2.2767538153632647,2276.7538153632645,-0.021813441483198193,-52.39594070151071,False,72
2023-07-13 16:00:00+00:00,2023-07-16 16:00:00+00:00,LONG,30915.5,30365.9,1.3860103269934267,1386.0103269934268,-0.01777749025569697,-26.30299747481313,False,72
2023-08-07 17:00:00+00:00,2023-08-10 17:00:00+00:00,SHORT,28930.3,29419.4,3.0,3000.0,-0.016906150299167422,-54.31845089750227,False,72
2023-08-16 17:00:00+00:00,2023-08-19 17:00:00+00:00,SHORT,29080.2,26240.1,2.898721586930697,2898.721586930697,0.09766439020364381,279.62341025340834,True,72
2023-08-19 17:00:00+00:00,2023-08-22 17:00:00+00:00,SHORT,26240.1,26008.2,0.6704652265546469,670.465226554647,0.008837618759074739,5.120757791641067,True,72
2023-08-22 17:00:00+00:00,2023-08-25 17:00:00+00:00,SHORT,26008.2,25926.9,2.3807523810984486,2380.7523810984485,0.003125937204420115,4.5851795852692785,True,72
2023-08-25 17:00:00+00:00,2023-08-28 17:00:00+00:00,SHORT,25926.9,26132.6,1.3434301827126722,1343.4301827126721,-0.00793384477126069,-12.270682749923933,False,72
2023-08-28 23:00:00+00:00,2023-08-31 23:00:00+00:00,SHORT,26046.1,26042.8,3.0,3000.0,0.00012669843085910681,-3.21990470742268,False,72
2023-09-01 19:00:00+00:00,2023-09-04 19:00:00+00:00,SHORT,25640.7,25900.8,1.0952918351746892,1095.2918351746891,-0.010144028829166096,-12.425022154571915,False,72
2023-09-05 00:00:00+00:00,2023-09-08 00:00:00+00:00,SHORT,25814.0,26240.7,3.0,3000.0,-0.016529790036414305,-53.189370109242915,False,72
2023-09-11 15:00:00+00:00,2023-09-14 15:00:00+00:00,SHORT,25138.8,26718.0,1.8611442310486692,1861.1442310486693,-0.06281922764809789,-119.14901621344886,False,72
2023-09-28 17:00:00+00:00,2023-10-01 17:00:00+00:00,LONG,27047.6,27099.9,1.5392066513109997,1539.2066513109996,0.0019336281222734897,1.1292052853921544,True,72
2023-10-01 17:00:00+00:00,2023-10-04 17:00:00+00:00,LONG,27099.9,27509.5,2.4823726306437743,2482.3726306437743,0.015114446916778324,34.54084219675616,True,72
2023-10-05 14:00:00+00:00,2023-10-08 14:00:00+00:00,LONG,27976.6,27898.1,1.3809508402791528,1380.9508402791528,-0.0028059163729687864,-5.531973581339262,False,72
2023-10-08 14:00:00+00:00,2023-10-11 14:00:00+00:00,LONG,27898.1,27132.7,1.3684962631985282,1368.4962631985281,-0.027435560127750613,-39.18765702942348,False,72
2023-10-16 06:00:00+00:00,2023-10-19 06:00:00+00:00,LONG,27903.4,28298.5,1.47991445539053,1479.9144553905298,0.014159564784219869,19.179047259737036,True,72
2023-10-19 06:00:00+00:00,2023-10-22 06:00:00+00:00,LONG,28298.5,30103.3,1.3701144447822018,1370.1144447822019,0.06377723200876373,85.73796948969435,True,72
2023-10-22 06:00:00+00:00,2023-10-25 06:00:00+00:00,LONG,30103.3,34011.5,1.3250551605508238,1325.0551605508238,0.12982629811349589,170.4369400978364,True,72
2023-10-25 06:00:00+00:00,2023-10-28 06:00:00+00:00,LONG,34011.5,34092.6,0.5608635870763056,560.8635870763055,0.002384487599782492,0.6643359640614118,True,72
2023-10-28 06:00:00+00:00,2023-10-31 06:00:00+00:00,LONG,34092.6,34285.2,1.2759689824262384,1275.9689824262384,0.005649319793738172,5.677194049705016,True,72
2023-10-31 21:00:00+00:00,2023-11-03 21:00:00+00:00,LONG,34651.7,34588.3,1.732684726800747,1732.684726800747,-0.0018296360640313036,-5.24940413591177,False,72
2023-11-05 00:00:00+00:00,2023-11-08 00:00:00+00:00,LONG,35069.7,35406.5,1.3632651340402124,1363.2651340402124,0.009603731996566944,11.456514826737855,True,72
2023-11-08 00:00:00+00:00,2023-11-11 00:00:00+00:00,LONG,35406.5,37330.3,1.3478203177888597,1347.8203177888597,0.05433465606597676,71.61596902444657,True,72
2023-11-15 23:00:00+00:00,2023-11-18 23:00:00+00:00,LONG,37736.3,36517.4,0.9226957751517492,922.6957751517492,-0.03230046400945508,-30.910736607147427,False,72
2023-11-20 20:00:00+00:00,2023-11-23 20:00:00+00:00,LONG,37584.5,37282.4,1.7165904310447688,1716.5904310447688,-0.008037887959132073,-15.857670073709805,False,72
2023-11-24 02:00:00+00:00,2023-11-27 02:00:00+00:00,LONG,37395.2,37473.5,1.0438746994983472,1043.8746994983471,0.0020938516173198973,0.9330690884259192,True,72
2023-11-28 18:00:00+00:00,2023-12-01 18:00:00+00:00,LONG,38202.4,38787.1,1.5575435162505724,1557.5435162505723,0.015305321131656502,21.96965147324377,True,72
2023-12-01 18:00:00+00:00,2023-12-04 18:00:00+00:00,LONG,38787.1,41622.7,1.4717710778627355,1471.7710778627356,0.07310678034707419,105.83031961705235,True,72
2023-12-04 18:00:00+00:00,2023-12-07 18:00:00+00:00,LONG,41622.7,43448.8,1.1989051979833334,1198.9051979833334,0.04387269446720188,51.160515208682966,True,72
2023-12-26 07:00:00+00:00,2023-12-29 07:00:00+00:00,SHORT,42710.7,42569.9,1.576601353644037,1576.601353644037,0.0032965978080433667,3.3054989422082928,True,72
2023-12-29 07:00:00+00:00,2024-01-01 07:00:00+00:00,SHORT,42569.9,42423.4,1.5080541896548385,1508.0541896548384,0.0034413987347867714,3.380150752682244,True,72
2024-01-01 07:00:00+00:00,2024-01-04 07:00:00+00:00,SHORT,42423.4,43163.8,1.2578467704682341,1257.8467704682341,-0.017452632273698088,-23.462153266202694,False,72
2024-01-04 07:00:00+00:00,2024-01-07 07:00:00+00:00,SHORT,43163.8,44015.3,0.6697542865040147,669.7542865040147,-0.019727178793340627,-14.016067701275798,False,72
2024-01-09 04:00:00+00:00,2024-01-12 04:00:00+00:00,LONG,46932.7,45997.3,0.937346475218503,937.346475218503,-0.01993066667803034,-19.80675592966881,False,72
2024-01-12 04:00:00+00:00,2024-01-15 04:00:00+00:00,SHORT,45997.3,42572.8,0.5308881243243,530.8881243243,0.07445002206651263,38.88756682160447,True,72
2024-01-15 04:00:00+00:00,2024-01-18 04:00:00+00:00,SHORT,42572.8,42594.0,0.8876584735363996,887.6584735363996,-0.0004979705351773056,-1.5072179333652707,False,72
2024-01-18 04:00:00+00:00,2024-01-21 04:00:00+00:00,SHORT,42594.0,41677.4,1.3086319378342244,1308.6319378342243,0.021519462835141057,26.59069802570114,True,72
2024-01-21 04:00:00+00:00,2024-01-24 04:00:00+00:00,SHORT,41677.4,39611.3,1.0356579125840077,1035.6579125840078,0.04957362983295499,50.098532496909655,True,72
2024-02-09 15:00:00+00:00,2024-02-12 15:00:00+00:00,LONG,47046.6,48813.9,1.1653947464498922,1165.3947464498922,0.03756488247822376,42.3794429953897,True,72
2024-02-12 15:00:00+00:00,2024-02-15 15:00:00+00:00,LONG,48813.9,52644.4,1.2535665886510388,1253.5665886510387,0.07847150094542732,96.86497184010484,True,72
2024-02-15 15:00:00+00:00,2024-02-18 15:00:00+00:00,LONG,52644.4,51919.2,0.8523466090621449,852.3466090621449,-0.013775444301768136,-12.76426916981109,False,72
2024-05-17 15:00:00+00:00,2024-05-20 15:00:00+00:00,LONG,66777.9,66963.0,1.1000362867067608,1100.0362867067608,0.002771875126351686,1.7291196771586292,True,72
2024-05-20 16:00:00+00:00,2024-05-23 16:00:00+00:00,LONG,67382.1,68102.9,1.753372626021322,1753.372626021322,0.010697202966366337,16.652135704995235,True,72
2024-05-31 17:00:00+00:00,2024-06-03 17:00:00+00:00,SHORT,67242.1,69122.2,1.458324216255169,1458.324216255169,-0.027960161862880417,-42.52497019455895,False,72
2024-06-04 17:00:00+00:00,2024-06-07 17:00:00+00:00,LONG,70858.1,70921.3,1.2729261212274396,1272.9261212274396,0.0008919234357116501,-0.3921587060206453,False,72
2024-06-11 12:00:00+00:00,2024-06-14 12:00:00+00:00,SHORT,66919.6,67034.1,2.1195178625992743,2119.5178625992744,-0.0017110084340012932,-6.169934374042882,False,72
2024-06-14 12:00:00+00:00,2024-06-17 12:00:00+00:00,SHORT,67034.1,65791.9,0.9474208356473658,947.4208356473658,0.01853086712583618,16.419624614853177,True,72
2024-06-17 14:00:00+00:00,2024-06-20 14:00:00+00:00,SHORT,65180.6,65118.8,1.6400511519448395,1640.0511519448396,0.0009481348744870832,-0.41307168923219106,False,72
2024-06-20 15:00:00+00:00,2024-06-23 15:00:00+00:00,SHORT,64933.3,64166.5,1.2644075794893863,1264.4075794893863,0.011809040969733564,13.414151813244548,True,72
2024-06-23 15:00:00+00:00,2024-06-26 15:00:00+00:00,SHORT,64166.5,61700.0,1.8845267347928383,1884.5267347928382,0.03843906088067761,70.17800580821509,True,72
2024-06-26 16:00:00+00:00,2024-06-29 16:00:00+00:00,SHORT,61453.3,61107.8,0.9151205298673811,915.1205298673812,0.005622155360249126,4.04680515642706,True,72
2024-06-29 16:00:00+00:00,2024-07-02 16:00:00+00:00,SHORT,61107.8,61945.0,1.5460858474178039,1546.085847417804,-0.013700378675062685,-23.037264590680465,False,72
2024-07-02 18:00:00+00:00,2024-07-05 18:00:00+00:00,SHORT,62144.2,56422.5,1.3986533299814232,1398.6533299814232,0.09207134374567538,127.09750752977546,True,72
2024-07-15 11:00:00+00:00,2024-07-18 11:00:00+00:00,LONG,62518.8,64591.4,0.981104008004897,981.1040080048971,0.03315162799030058,31.347870283565356,True,72
2024-07-19 16:00:00+00:00,2024-07-22 16:00:00+00:00,LONG,65791.5,67044.3,1.1791175489979935,1179.1175489979935,0.019041973507216037,21.03778407111571,True,72
2024-07-26 17:00:00+00:00,2024-07-29 17:00:00+00:00,LONG,67367.6,66920.9,1.0888232993156648,1088.8232993156648,-0.006630783937679463,-8.526340003252267,False,72
2024-08-03 04:00:00+00:00,2024-08-06 04:00:00+00:00,SHORT,61862.2,55638.1,0.7314625980520236,731.4625980520236,0.10061232869183445,72.71640022333095,True,72
2024-08-23 19:00:00+00:00,2024-08-26 19:00:00+00:00,LONG,63117.5,63610.0,0.9941134414779124,994.1134414779124,0.007802907276112103,6.564038876015351,True,72
2024-09-04 02:00:00+00:00,2024-09-07 02:00:00+00:00,SHORT,56750.9,53789.4,1.0603105570391471,1060.3105570391472,0.05218419443568301,54.059079602291234,True,72
2024-09-07 02:00:00+00:00,2024-09-10 02:00:00+00:00,SHORT,53789.4,56871.1,0.7559561989524357,755.9561989524357,-0.057291957151409,-44.21735759746789,False,72
2024-09-13 20:00:00+00:00,2024-09-16 20:00:00+00:00,LONG,59703.1,57915.5,0.9056573073529757,905.6573073529756,-0.029941493825278775,-28.203521444751292,False,72
2024-09-17 16:00:00+00:00,2024-09-20 16:00:00+00:00,LONG,61111.0,63120.2,1.032550378227484,1032.550378227484,0.032877877959778035,32.70900486881289,True,72
2024-09-20 16:00:00+00:00,2024-09-23 16:00:00+00:00,LONG,63120.2,63589.6,1.0689669926816259,1068.966992681626,0.007436605080465508,6.666724977408164,True,72
2024-09-24 09:00:00+00:00,2024-09-27 09:00:00+00:00,LONG,63820.6,65699.9,1.493986164545143,1493.986164545143,0.02944660501468177,42.20003708730602,True,72
2024-09-27 09:00:00+00:00,2024-09-30 09:00:00+00:00,LONG,65699.9,64284.2,1.3150881940558368,1315.0881940558368,-0.02154797800301067,-29.9155973104012,False,72
2024-10-14 09:00:00+00:00,2024-10-17 09:00:00+00:00,LONG,64404.0,67430.1,1.1594524921956297,1159.4524921956297,0.04698621203651965,53.08693765394025,True,72
2024-10-17 09:00:00+00:00,2024-10-20 09:00:00+00:00,LONG,67430.1,68373.2,0.7668176442287464,766.8176442287464,0.013986335479259093,9.804787650523897,True,72
2024-10-20 09:00:00+00:00,2024-10-23 09:00:00+00:00,LONG,68373.2,66513.6,1.6435001984833961,1643.5001984833962,-0.027197790947330103,-46.671775058427016,False,72
2024-10-28 02:00:00+00:00,2024-10-31 02:00:00+00:00,LONG,67720.0,72372.8,1.7545070653287704,1754.5070653287705,0.06870643827525114,118.44052290910867,True,72
2024-10-31 02:00:00+00:00,2024-11-03 02:00:00+00:00,LONG,72372.8,69009.3,1.2504377813690415,1250.4377813690414,-0.046474642407092204,-59.614174079086794,False,72
2024-11-06 19:00:00+00:00,2024-11-09 19:00:00+00:00,LONG,75237.4,76337.8,0.7094338759471749,709.4338759471749,0.014625704769170689,9.524649771715232,True,72
2024-11-09 19:00:00+00:00,2024-11-12 19:00:00+00:00,LONG,76337.8,88836.2,1.361996292210395,1361.996292210395,0.16372491740657957,221.35833489956207,True,72
2024-11-19 18:00:00+00:00,2024-11-22 18:00:00+00:00,LONG,92904.1,98828.1,0.8064098537149459,806.4098537149459,0.06376467776987238,50.45277264812552,True,72
2024-12-10 18:00:00+00:00,2024-12-13 18:00:00+00:00,SHORT,94505.3,101704.1,0.7904219459858265,790.4219459858265,-0.0761735056129127,-61.157716874303716,False,72
2024-12-15 13:00:00+00:00,2024-12-18 13:00:00+00:00,LONG,102926.4,104883.2,1.1857739531627562,1185.7739531627562,0.019011643271308554,21.120582654144354,True,72
2024-12-19 19:00:00+00:00,2024-12-22 19:00:00+00:00,SHORT,98883.5,95913.5,0.8311151370966042,831.1151370966043,0.030035344622712623,23.965491399333633,True,72
2024-12-22 19:00:00+00:00,2024-12-25 19:00:00+00:00,SHORT,95913.5,98722.6,0.7088915620315592,708.8915620315593,-0.029287847904622355,-21.61257812408834,False,72
2024-12-26 11:00:00+00:00,2024-12-29 11:00:00+00:00,SHORT,95473.6,95130.4,0.8451621305628249,845.1621305628248,0.003594710998642725,2.023919049695115,True,72
2024-12-29 11:00:00+00:00,2025-01-01 11:00:00+00:00,SHORT,95130.4,93307.8,1.3869723308032336,1386.9723308032335,0.019158964957573965,24.908587486019957,True,72
2025-01-01 11:00:00+00:00,2025-01-04 11:00:00+00:00,SHORT,93307.8,97739.9,0.9158171504226504,915.8171504226505,-0.047499780297038274,-44.60009401784273,False,72
2025-01-08 01:00:00+00:00,2025-01-11 01:00:00+00:00,SHORT,97228.0,94556.5,1.2136420270514254,1213.6420270514254,0.027476652816061264,31.89045018781114,True,72
2025-01-11 01:00:00+00:00,2025-01-14 01:00:00+00:00,SHORT,94556.5,94439.3,0.7961044818542943,796.1044818542942,0.0012394705810810924,0.03142270650005097,True,72
2025-01-27 08:00:00+00:00,2025-01-30 08:00:00+00:00,SHORT,98996.3,105085.2,1.2851802810745987,1285.1802810745987,-0.06150633912580572,-80.58895054286211,False,72
2025-02-02 05:00:00+00:00,2025-02-05 05:00:00+00:00,SHORT,99490.1,97999.9,1.2270622198559757,1227.0622198559759,0.014978374732762423,16.906923085590947,True,72
2025-02-06 01:00:00+00:00,2025-02-09 01:00:00+00:00,SHORT,96777.1,96520.0,0.6143132977315757,614.3132977315757,0.0026566202128396332,0.8948211664919848,True,72
2025-02-09 01:00:00+00:00,2025-02-12 01:00:00+00:00,SHORT,96520.0,96017.1,1.1675030381983194,1167.5030381983192,0.005210319104848704,4.682059739055626,True,72
2025-02-12 01:00:00+00:00,2025-02-15 01:00:00+00:00,SHORT,96017.1,97416.8,1.1474977223846585,1147.4977223846586,-0.014577611696249937,-18.10477348611635,False,72
2025-02-17 04:00:00+00:00,2025-02-20 04:00:00+00:00,SHORT,96171.4,97017.4,1.9164169301124887,1916.4169301124887,-0.008796794057276847,-19.158025378213267,False,72
2025-02-22 02:00:00+00:00,2025-02-25 02:00:00+00:00,SHORT,96189.0,91982.0,1.3942941404558034,1394.2941404558032,0.04373680982232897,59.308824688956136,True,72
2025-02-25 02:00:00+00:00,2025-02-28 02:00:00+00:00,SHORT,91982.0,81606.0,1.5982706047044182,1598.2706047044182,0.11280467917636061,178.3744780750445,True,72
2025-02-28 02:00:00+00:00,2025-03-03 02:00:00+00:00,SHORT,81606.0,93037.0,0.6506695751717501,650.66957517175,-0.14007548464573683,-91.92365957662467,False,72
2025-03-03 21:00:00+00:00,2025-03-06 21:00:00+00:00,SHORT,86032.0,88999.9,0.44799625262397214,447.9962526239721,-0.03449762878928775,-15.992403925162535,False,72
2025-03-07 23:00:00+00:00,2025-03-10 23:00:00+00:00,SHORT,86700.0,79460.3,0.4986845422767884,498.68454227678836,0.08350288350634372,41.04317578942085,True,72
2025-03-10 23:00:00+00:00,2025-03-13 23:00:00+00:00,SHORT,79460.3,81346.0,0.7341340205818857,734.1340205818857,-0.023731347603771935,-18.302950454881653,False,72
2025-03-13 23:00:00+00:00,2025-03-16 23:00:00+00:00,SHORT,81346.0,82050.1,0.686429596227991,686.429596227991,-0.008655619206844989,-6.765188712731439,False,72
2025-03-24 08:00:00+00:00,2025-03-27 08:00:00+00:00,LONG,86827.5,87363.1,1.8858148752524522,1885.814875252452,0.006168552589905341,9.369770382517586,True,72
2025-04-02 16:00:00+00:00,2025-04-05 16:00:00+00:00,LONG,86709.5,82576.5,1.1345147999322267,1134.5147999322267,-0.047664904076254566,-55.4379568717794,False,72
2025-04-07 02:00:00+00:00,2025-04-10 02:00:00+00:00,SHORT,79093.9,82208.0,0.8652213805299155,865.2213805299155,-0.039372189258590096,-35.103925601438334,False,72
2025-04-10 02:00:00+00:00,2025-04-13 02:00:00+00:00,LONG,82208.0,85214.8,0.48205828433022296,482.058284330223,0.036575515764889044,17.053060436919168,True,72
2025-04-13 02:00:00+00:00,2025-04-16 02:00:00+00:00,LONG,85214.8,83590.1,0.8218290027271806,821.8290027271806,-0.019065936902979308,-16.65513471430745,False,72
2025-04-17 18:00:00+00:00,2025-04-20 18:00:00+00:00,LONG,85068.0,84539.9,1.23245561194824,1232.45561194824,-0.006207974796633375,-9.130000111281925,False,72
2025-04-21 01:00:00+00:00,2025-04-24 01:00:00+00:00,LONG,86599.9,93312.3,1.848129593437339,1848.129593437339,0.07751048211372069,141.03166028383797,True,72
2025-04-24 01:00:00+00:00,2025-04-27 01:00:00+00:00,LONG,93312.3,94825.3,1.0771853822815067,1077.1853822815067,0.016214368309429794,16.173258067108474,True,72
2025-04-27 01:00:00+00:00,2025-04-30 01:00:00+00:00,LONG,94825.3,94498.1,1.5970782278992086,1597.0782278992085,-0.003450555917039022,-7.427301602730861,False,72
2025-04-30 02:00:00+00:00,2025-05-03 02:00:00+00:00,LONG,94485.6,96457.7,1.57416849619084,1574.16849619084,0.020871963558467987,30.966985291954558,True,72
2025-05-03 02:00:00+00:00,2025-05-06 02:00:00+00:00,LONG,96457.7,94254.8,1.379303353362554,1379.3033533625542,-0.022837990124168317,-33.15568038636132,False,72
2025-05-07 01:00:00+00:00,2025-05-10 01:00:00+00:00,LONG,97379.5,102821.0,1.3839720324837512,1383.9720324837513,0.055879317515493465,75.67464619674188,True,72
2025-05-10 01:00:00+00:00,2025-05-13 01:00:00+00:00,LONG,102821.0,102230.7,1.2929437261147805,1292.9437261147805,-0.005741045117242605,-8.974380737018457,False,72
2025-05-18 17:00:00+00:00,2025-05-21 17:00:00+00:00,LONG,105789.2,109101.0,1.7211037541137912,1721.1037541137912,0.03130565312905298,51.81495262046069,True,72
2025-05-21 17:00:00+00:00,2025-05-24 17:00:00+00:00,LONG,109101.0,108959.7,0.8819718787565377,881.9718787565378,-0.0012951302004564624,-2.200634670638763,False,72
2025-05-26 09:00:00+00:00,2025-05-29 09:00:00+00:00,LONG,109620.0,108434.3,1.1810847467699828,1181.0847467699828,-0.010816456850939571,-14.192453896864388,False,72
2025-06-09 14:00:00+00:00,2025-06-12 14:00:00+00:00,LONG,106971.0,107015.8,2.0455873325640943,2045.5873325640944,0.0004188050967084411,-1.5980023984368459,False,72
2025-06-25 14:00:00+00:00,2025-06-28 14:00:00+00:00,LONG,107870.2,107066.5,0.9884146495545469,988.4146495545469,-0.007450621209564856,-8.55040073128118,False,72
2025-06-28 14:00:00+00:00,2025-07-01 14:00:00+00:00,LONG,107066.5,106766.0,2.2227826456832824,2222.782645683282,-0.00280666688459974,-8.905949618122204,False,72
2025-07-02 16:00:00+00:00,2025-07-05 16:00:00+00:00,LONG,108695.4,108012.6,1.7293527075857604,1729.3527075857605,-0.006281774573716925,-12.938627116603662,False,72
2025-07-09 14:00:00+00:00,2025-07-12 14:00:00+00:00,LONG,109136.8,117476.1,2.3766760345601647,2376.6760345601647,0.07641143958774688,178.75322599296766,True,72
2025-07-12 14:00:00+00:00,2025-07-15 14:00:00+00:00,LONG,117476.1,118067.8,1.015615560334694,1015.6155603346939,0.005036769181135492,3.8966824817738073,True,72
2025-07-25 04:00:00+00:00,2025-07-28 04:00:00+00:00,SHORT,115384.7,119269.6,1.2855566949449517,1285.5566949449517,-0.03366910864265371,-44.82621606232635,False,72
2025-08-01 00:00:00+00:00,2025-08-04 00:00:00+00:00,SHORT,115697.3,114150.9,1.6136953939752596,1613.6953939752595,0.013365912601244867,19.63207712813441,True,72
2025-08-04 00:00:00+00:00,2025-08-07 00:00:00+00:00,SHORT,114150.9,114941.0,1.5753034431194057,1575.3034431194058,-0.0069215398214119706,-12.79388964410164,False,72
2025-08-07 03:00:00+00:00,2025-08-10 03:00:00+00:00,SHORT,114507.2,117273.6,1.8128909185983384,1812.8909185983384,-0.024159179510109485,-45.97342623698255,False,72
2025-08-10 03:00:00+00:00,2025-08-13 03:00:00+00:00,SHORT,117273.6,119500.1,1.9784067483637817,1978.4067483637816,-0.018985517627155613,-39.93516429278073,False,72
2025-08-14 18:00:00+00:00,2025-08-17 18:00:00+00:00,SHORT,117878.7,117846.3,1.2555738324081565,1255.5738324081565,0.00027485881673272594,-1.1615830609935083,False,72
2025-08-17 18:00:00+00:00,2025-08-20 18:00:00+00:00,SHORT,117846.3,114150.0,2.502527615594248,2502.5276155942483,0.03136543107420431,75.48982429950117,True,72
2025-08-20 18:00:00+00:00,2025-08-23 18:00:00+00:00,SHORT,114150.0,115050.0,1.430361943573682,1430.361943573682,-0.007884362680683266,-12.99392666007034,False,72
2025-08-23 18:00:00+00:00,2025-08-26 18:00:00+00:00,SHORT,115050.0,109950.0,1.1756931372336328,1175.6931372336328,0.044328552803129084,50.70594354945722,True,72
2025-08-26 18:00:00+00:00,2025-08-29 18:00:00+00:00,SHORT,109950.0,108411.5,1.2148931680974624,1214.8931680974624,0.013992723965438825,15.541792946968307,True,72
2025-08-29 18:00:00+00:00,2025-09-01 18:00:00+00:00,SHORT,108411.5,108882.0,1.3631306119257385,1363.1306119257385,-0.004339945485488217,-7.551669279668786,False,72
2025-09-01 18:00:00+00:00,2025-09-04 18:00:00+00:00,SHORT,108882.0,109728.4,1.6915785750862395,1691.5785750862397,-0.007773553020701263,-15.179470032218664,False,72
2025-09-04 18:00:00+00:00,2025-09-07 18:00:00+00:00,SHORT,109728.4,110925.5,1.2255268411713007,1225.5268411713007,-0.01090966422548778,-14.840718545907146,False,72
2025-09-09 18:00:00+00:00,2025-09-12 18:00:00+00:00,SHORT,110984.8,115746.5,2.0413331087599142,2041.3331087599142,-0.04290407335058499,-90.03110516172494,False,72
2025-09-26 00:00:00+00:00,2025-09-29 00:00:00+00:00,SHORT,108934.6,112119.7,1.4087815880177328,1408.7815880177327,-0.02923864410389343,-42.88140137778958,False,72
2025-10-03 08:00:00+00:00,2025-10-06 08:00:00+00:00,LONG,119620.1,123332.4,1.503037140617316,1503.037140617316,0.031034082064803403,44.84173339962446,True,72
2025-10-06 10:00:00+00:00,2025-10-09 10:00:00+00:00,LONG,123915.1,121753.4,1.4196759969971677,1419.6759969971677,-0.01744500871967991,-26.46987134313246,False,72
2025-10-14 15:00:00+00:00,2025-10-17 15:00:00+00:00,SHORT,111369.2,105110.9,1.1793553062289832,1179.3553062289832,0.05619417217686762,64.85766876845915,True,72
2025-10-17 15:00:00+00:00,2025-10-20 15:00:00+00:00,SHORT,105110.9,111153.3,1.0075434399623644,1007.5434399623643,-0.057485950553177734,-59.12864449780991,False,72
2025-10-21 06:00:00+00:00,2025-10-24 06:00:00+00:00,SHORT,107498.0,111193.1,1.447096406811584,1447.0964068115838,-0.03437366276581888,-51.478519565543536,False,72
2025-10-29 18:00:00+00:00,2025-11-01 18:00:00+00:00,SHORT,111819.3,110160.1,1.3591288760396596,1359.1288760396596,0.014838225601483845,18.536106232920048,True,72
2025-11-03 06:00:00+00:00,2025-11-06 06:00:00+00:00,SHORT,107556.8,103103.5,1.496402692433662,1496.402692433662,0.04140416970382166,60.16162779185859,True,72
2025-11-06 06:00:00+00:00,2025-11-09 06:00:00+00:00,SHORT,103103.5,101880.0,0.8350195975354114,835.0195975354114,0.01186671645482451,8.906917281131914,True,72
2025-11-09 06:00:00+00:00,2025-11-12 06:00:00+00:00,SHORT,101880.0,103350.0,1.2337223148217074,1233.7223148217074,-0.014428739693757464,-19.28152491272836,False,72
2025-11-12 06:00:00+00:00,2025-11-15 06:00:00+00:00,SHORT,103350.0,96304.1,1.1754176543456332,1175.417654345633,0.06817513304305756,78.72375378095742,True,72
2025-11-15 06:00:00+00:00,2025-11-18 06:00:00+00:00,SHORT,96304.1,90185.8,0.7964949965329112,796.4949965329113,0.06353104384963881,49.64636455491081,True,72
2025-11-18 06:00:00+00:00,2025-11-21 06:00:00+00:00,SHORT,90185.8,86148.3,1.0537202848013492,1053.7202848013492,0.04476868864056205,45.909211002754354,True,72
2025-11-21 06:00:00+00:00,2025-11-24 06:00:00+00:00,SHORT,86148.3,87425.4,0.7041022814446688,704.1022814446688,-0.014824436465954438,-11.282842274543667,False,72
2025-12-15 19:00:00+00:00,2025-12-18 19:00:00+00:00,SHORT,86142.7,85946.7,1.5899739389082606,1589.9739389082606,0.0022752943662086578,1.709690018926641,True,72
2025-12-29 16:00:00+00:00,2026-01-01 16:00:00+00:00,SHORT,87636.4,87986.8,1.743961783158297,1743.961783158297,-0.003998338589901174,-9.065703836704639,False,72
2026-01-02 18:00:00+00:00,2026-01-05 18:00:00+00:00,LONG,90320.0,94273.0,2.0591883192994493,2059.188319299449,0.0437666076173604,87.6526611978715,True,72
2026-01-05 18:00:00+00:00,2026-01-08 18:00:00+00:00,LONG,94273.0,91320.1,1.8483322893292151,1848.3322893292152,-0.03132286020387587,-60.113052656163916,False,72
2026-01-13 16:00:00+00:00,2026-01-16 16:00:00+00:00,LONG,93407.9,94537.6,1.6375913384655734,1637.5913384655735,0.012094266116677632,17.84035583161027,True,72
2026-01-16 16:00:00+00:00,2026-01-19 16:00:00+00:00,LONG,94537.6,93013.4,1.2015653203065904,1201.5653203065904,-0.01612268557695573,-20.814338243845164,False,72
2026-01-25 22:00:00+00:00,2026-01-28 22:00:00+00:00,SHORT,86525.0,89369.4,1.8414596292310894,1841.4596292310894,-0.03287373591447551,-62.74540910358813,False,72
2026-01-29 16:00:00+00:00,2026-02-01 16:00:00+00:00,SHORT,84897.9,77563.8,1.0178076911692306,1017.8076911692307,0.08638729579883586,86.70428485396343,True,72
2026-02-03 20:00:00+00:00,2026-02-06 20:00:00+00:00,SHORT,74893.9,70675.5,0.6330300220455457,633.0300220455457,0.056325014453780575,34.89578911493774,True,72
2026-02-18 22:00:00+00:00,2026-02-21 22:00:00+00:00,SHORT,66300.5,68351.1,0.9064974337429011,906.4974337429012,-0.030928876856132437,-29.124744419125744,False,72
2026-02-23 03:00:00+00:00,2026-02-26 03:00:00+00:00,SHORT,64742.5,68219.1,0.9198180995502624,919.8180995502624,-0.05369888404062251,-50.49698718567563,False,72
2026-03-02 16:00:00+00:00,2026-03-05 16:00:00+00:00,LONG,69089.1,71611.7,0.6056924033111342,605.6924033111342,0.03651227183448613,21.38837479380598,True,72
2026-03-05 16:00:00+00:00,2026-03-08 16:00:00+00:00,LONG,71611.7,67174.6,0.74832850183322,748.32850183322,-0.06196054555331032,-47.26483642887755,False,72
2026-03-10 06:00:00+00:00,2026-03-13 06:00:00+00:00,LONG,69938.3,71515.5,0.9652061681108807,965.2061681108806,0.022551305936804322,20.608412187425998,True,72
2026-03-13 06:00:00+00:00,2026-03-16 06:00:00+00:00,LONG,71515.5,74176.6,0.908975317420607,908.975317420607,0.037210115289692425,32.73230597580083,True,72
2026-03-16 06:00:00+00:00,2026-03-19 06:00:00+00:00,LONG,74176.6,70792.7,1.1801695827053982,1180.1695827053982,-0.04561950803892345,-55.254959264768324,False,72
2026-03-27 17:00:00+00:00,2026-03-30 17:00:00+00:00,SHORT,65945.5,67332.9,1.2162499315949302,1216.2499315949303,-0.021038584892069778,-27.04767735374792,False,72
2026-04-06 04:00:00+00:00,2026-04-09 04:00:00+00:00,LONG,69092.3,70961.2,1.9532704317595622,1953.2704317595621,0.027049323875453446,50.49072000689971,True,72
2026-04-09 04:00:00+00:00,2026-04-12 04:00:00+00:00,LONG,70961.2,71563.6,0.9991425747614493,999.1425747614493,0.008489146181293483,7.282896283390157,True,72
2026-04-12 04:00:00+00:00,2026-04-15 04:00:00+00:00,LONG,71563.6,74296.8,1.199375195091539,1199.375195091539,0.038192600707622315,44.368007690647914,True,72
2026-04-15 04:00:00+00:00,2026-04-18 04:00:00+00:00,LONG,74296.8,76964.4,1.0914770328923247,1091.4770328923246,0.035904641922666736,37.87931959334286,True,72
2026-04-18 04:00:00+00:00,2026-04-21 04:00:00+00:00,LONG,76964.4,75669.1,1.205603743621368,1205.603743621368,-0.016829858999745206,-21.736865507058234,False,72
2026-04-21 04:00:00+00:00,2026-04-24 04:00:00+00:00,LONG,75669.1,77690.1,1.5308645914960826,1530.8645914960825,0.02670839219707921,39.049894400503526,True,72
2026-04-24 04:00:00+00:00,2026-04-27 04:00:00+00:00,LONG,77690.1,79065.1,1.2443271823259208,1244.3271823259208,0.01769852272039807,20.529560289213116,True,72
2026-04-27 04:00:00+00:00,2026-04-30 04:00:00+00:00,LONG,79065.1,75881.6,2.3530771426423684,2353.0771426423685,-0.040264288541973614,-97.56866960404597,False,72
2026-05-01 13:00:00+00:00,2026-05-04 13:00:00+00:00,LONG,77847.2,78816.1,1.5908991817581295,1590.8991817581295,0.012446176612646465,17.891533170966675,True,72
2026-05-04 13:00:00+00:00,2026-05-07 13:00:00+00:00,LONG,78816.1,81118.4,1.4884578209245394,1488.4578209245394,0.029211036831307213,41.69324684376455,True,72
2026-05-07 13:00:00+00:00,2026-05-10 13:00:00+00:00,LONG,81118.4,80891.0,1.5029715459436948,1502.9715459436948,-0.00280330972997489,-6.0168606137517955,False,72
2026-05-10 23:00:00+00:00,2026-05-13 23:00:00+00:00,LONG,82013.2,79395.1,1.791945411504281,1791.945411504281,-0.03192290997059,-59.35444653746815,False,72
2026-05-14 18:00:00+00:00,2026-05-17 18:00:00+00:00,LONG,81620.0,78044.8,1.3663599369105393,1366.3599369105393,-0.043802989463366804,-61.490281843951536,False,72
2026-06-01 15:00:00+00:00,2026-06-04 15:00:00+00:00,SHORT,71548.5,63923.8,1.8316724645090685,1831.6724645090685,0.10656687421818767,192.99760217684485,True,72
2026-06-04 19:00:00+00:00,2026-06-07 19:00:00+00:00,SHORT,63791.2,62001.6,0.686901750332562,686.901750332562,0.028054026260675435,18.44607764193454,True,72
2026-06-07 20:00:00+00:00,2026-06-10 20:00:00+00:00,SHORT,61303.7,61908.7,0.6186853803836002,618.6853803836002,-0.009868898614602273,-6.848165749802713,False,72
2026-06-10 20:00:00+00:00,2026-06-13 20:00:00+00:00,SHORT,61908.7,64264.2,1.012835577708898,1012.835577708898,-0.03804796417950951,-39.75173447365165,False,72
2026-06-23 12:00:00+00:00,2026-06-26 12:00:00+00:00,SHORT,62478.4,59392.4,1.3044693206536264,1304.4693206536265,0.049393070245076665,62.86638160280766,True,72
2026-06-26 13:00:00+00:00,2026-06-29 13:00:00+00:00,SHORT,59167.6,59923.5,0.5702276229817586,570.2276229817586,-0.01277557311771993,-7.969257838725201,False,72
2026-06-29 13:00:00+00:00,2026-06-30 00:00:00+00:00,SHORT,59923.5,59806.1,1.2932916152017542,1293.2916152017542,0.0019591646015336694,1.7577961828425281,True,11
